slang,kata_baku,frekuensi
yg,yang,4503
ga,tidak,1936
aja,saja,1884
gak,tidak,1614
tapi,tetapi,974
udah,sudah,968
kalo,kalau,946
lu,kamu,623
banget,sangat,551
bikin,membuat,540
emang,memang,529
tuh,itu,495
pake,pakai,463
gini,begini,435
klo,kalau,400
bgt,sangat,386
tau,tahu,362
gw,saya,341
gitu,begitu,328
bener,benar,324
duit,uang,321
anak2,anak-anak,319
gimana,bagaimana,319
jd,jadi,301
sampe,sampai,288
tdk,tidak,288
nggak,tidak,284
tp,tetapi,276
org,orang,275
mending,lebih baik,268
utk,untuk,268
kayak,seperti,266
udh,sudah,262
jg,juga,261
dgn,dengan,253
dapet,dapat,243
dikasih,diberi,241
ni,ini,234
gue,saya,233
liat,lihat,233
krn,karena,227
gk,tidak,224
doang,saja,218
ngomong,berbicara,218
kek,seperti,200
jgn,jangan,164
ngga,tidak,159
sdh,sudah,157
ngasih,memberi,149
dpt,dapat,144
kl,kalau,138
emg,memang,136
dg,dengan,130
gua,saya,130
wkwk,hahaha,125
lg,lagi,121
yaa,ya,118
beneran,sungguh,116
mulu,melulu,116
karna,karena,114
tetep,tetap,107
milih,memilih,106
dll,dan lain-lain,104
mikir,berpikir,104
trus,terus,104
tu,itu,104
indo,indonesia,102
ngapain,melakukan apa,101
wkwkwk,hahaha,101
gmn,bagaimana,95
gt,begitu,93
knp,kenapa,92
blm,belum,91
ortu,orang tua,91
pengen,ingin,87
pinter,pintar,87
skrg,sekarang,87
cuan,keuntungan,86
ama,sama,85
dimana,di mana,83
tai,tahi,83
bs,bisa,81
nonton,menonton,77
nunggu,menunggu,76
yah,ya,75
nanya,bertanya,73
abis,habis,71
kaga,tidak,71
kayaknya,sepertinya,71
nambah,menambah,71
kasian,kasihan,70
orang2,orang-orang,70
dlm,dalam,69
duitnya,uangnya,67
ntar,nanti,66
mentri,menteri,65
spt,seperti,65
lbh,lebih,64
sy,saya,64
keliatan,kelihatan,63
kyk,seperti,63
elu,kamu,62
pilpres,pemilihan presiden,62
kerjaan,pekerjaan,61
segitu,sebanyak itu,61
hrs,harus,60
nyalahin,menyalahkan,59
byk,banyak,57
dipake,dipakai,56
kagak,tidak,56
rb,ribu,56
sebenernya,sebenarnya,56
disini,di sini,55
pantes,pantas,55
ko,kok,53
engga,tidak,52
msh,masih,51
ngerti,mengerti,51
bpk,bapak,50
jendral,jenderal,50
mkn,makan,50
aj,saja,49
bener2,benar-benar,49
lha,lah,49
make,memakai,49
noh,itu,49
tsb,tersebut,49
brp,berapa,48
drpd,daripada,48
kemana,ke mana,48
nyari,mencari,48
bkn,bukan,47
kemaren,kemarin,45
dri,dari,44
jdi,jadi,44
koq,kok,44
trs,terus,44
catering,katering,43
enggak,tidak,43
ngurusin,mengurusi,43
sbg,sebagai,43
uda,sudah,43
wkwkwkwk,hahaha,43
denger,dengar,42
gaada,tidak ada,42
maksa,memaksa,42
komen,komentar,41
bnyk,banyak,40
mrk,mereka,40
sekedar,sekadar,40
gabisa,tidak bisa,39
iki,ini,39
mikirin,memikirkan,39
ngak,tidak,39
temen,teman,39
btw,omong-omong,38
disana,di sana,38
guys,kawan-kawan,38
males,malas,38
ngurus,mengurus,38
pdhl,padahal,38
diem,diam,37
gausah,tidak usah,37
ngawur,asal-asalan,37
pantesan,pantas saja,37
yak,ya,37
emng,memang,36
gajelas,tidak jelas,36
kayanya,sepertinya,36
ngaku,mengaku,36
ato,atau,35
hutang,utang,35
nolak,menolak,35
ttg,tentang,35
wkwkw,hahaha,35
aje,saja,34
dikit,sedikit,34
gara2,gara-gara,34
loe,kamu,34
mendingan,lebih baik,34
ormas,organisasi massa,34
plis,tolong,34
taik,tahi,34
gada,tidak ada,33
ikutan,ikut,33
kasi,kasih,33
dibawah,di bawah,32
gatau,tidak tahu,32
gpp,tidak apa-apa,32
jastip,jasa titip,32
yaaa,ya,32
apa2,apa-apa,31
bayangin,bayangkan,31
nangis,menangis,31
tpi,tetapi,31
yo,ya,31
belom,belum,30
dijadiin,dijadikan,30
gapapa,tidak apa-apa,30
kepikiran,terpikir,30
nyuruh,menyuruh,30
ok,oke,30
sj,saja,30
adek,adik,29
ampe,sampai,29
diluar,di luar,29
gamau,tidak mau,29
mmg,memang,29
ad,ada,28
donk,dong,28
gegara,gara-gara,28
lama2,lama-lama,28
negri,negeri,28
ngomongnya,berbicaranya,28
ortunya,orang tuanya,28
ttp,tetap,28
dlu,dulu,27
klu,kalau,27
masi,masih,27
ngeles,mengelak,27
opo,apa,27
siapapun,siapa pun,27
stress,stres,27
warteg,warung tegal,27
ae,saja,26
boss,bos,26
inget,ingat,26
jt,juta,26
kedepan,ke depan,26
kesini,ke sini,26
kirain,mengira,26
krna,karena,26
nyampe,sampai,26
resiko,risiko,26
seneng,senang,26
vs,melawan,26
bagi2,bagi-bagi,25
diatas,di atas,25
kira2,kira-kira,25
nanggung,tanggung,25
skrng,sekarang,25
yaallah,ya allah,25
dibikin,dibuat,24
dih,idih,24
keknya,sepertinya,24
orangtua,orang tua,24
wes,sudah,24
benar2,benar-benar,23
dipikirin,dipikirkan,23
gtu,begitu,23
nerima,menerima,23
org2,orang-orang,23
ribet,rumit,23
salahin,salahkan,23
udahlah,sudahlah,23
bocil,bocah kecil,22
dengerin,dengarkan,22
kpd,kepada,22
medsos,media sosial,22
mo,mau,22
nemu,menemukan,22
ngabisin,menghabiskan,22
ngambil,mengambil,22
ngerasain,merasakan,22
nyambung,menyambung,22
smpe,sampai,22
ujung2nya,ujung-ujungnya,22
apasih,apa sih,21
app,aplikasi,21
bln,bulan,21
bumil,ibu hamil,21
darimana,dari mana,21
dilapangan,di lapangan,21
dn,dan,21
ndak,tidak,21
ngibul,berbohong,21
ngomongin,membicarakan,21
ngutang,berutang,21
smua,semua,21
bnyak,banyak,20
disitu,di situ,20
doank,saja,20
gmna,bagaimana,20
masing2,masing-masing,20
naikin,menaikkan,20
ngaco,mengacau,20
ngk,tidak,20
silahkan,silakan,20
benerin,benarkan,19
ginian,seperti ini,19
hadeh,aduh,19
ilang,hilang,19
lgi,lagi,19
ngeliat,melihat,19
nggk,tidak,19
ny,nya,19
taunya,tahunya,19
yaudah,ya sudah,19
cape,lelah,18
dirumah,di rumah,18
goblog,goblok,18
ijo,hijau,18
kedepannya,ke depannya,18
kmrn,kemarin,18
sosmed,media sosial,18
ancur,hancur,17
biarin,biarkan,17
blg,bilang,17
boong,bohong,17
dsb,dan sebagainya,17
emangnya,memangnya,17
ky,seperti,17
kyknya,sepertinya,17
lgsg,langsung,17
maksain,memaksakan,17
ngasi,memberi,17
pls,mohon,17
sblm,sebelum,17
segini,sebanyak ini,17
thn,tahun,17
wkwkwkw,hahaha,17
yh,ya,17
cmn,hanya,16
curhat,curahan hati,16
dl,dulu,16
gapernah,tidak pernah,16
hadeuh,aduh,16
jelas2,jelas-jelas,16
mabok,mabuk,16
napa,kenapa,16
ngotot,bersikeras,16
taek,tahi,16
tenan,betul,16
ak,aku,15
berfikir,berpikir,15
bgini,begini,15
bodo,bodoh,15
deket,dekat,15
diliat,dilihat,15
gaboleh,tidak boleh,15
jalanin,menjalani,15
jelasin,menjelaskan,15
laen,lain,15
lol,hahaha,15
muter,berputar,15
pede,percaya diri,15
siap2,siap-siap,15
temenku,temanku,15
aing,aku,14
ajah,saja,14
ap,apa,14
bertanggungjawab,bertanggung jawab,14
bet,sangat,14
diapain,diapakan,14
lahh,lah,14
malem,malam,14
nganggur,menganggur,14
ngene,begini,14
spy,supaya,14
temen2,teman-teman,14
ank,anak,13
baik2,baik-baik,13
bbrp,beberapa,13
belain,membela,13
blum,belum,13
cobain,coba,13
dateng,datang,13
emaknya,ibunya,13
haha,hahaha,13
hehe,hahaha,13
ibu2,ibu-ibu,13
iku,itu,13
jadul,zaman dulu,13
klau,kalau,13
liatnya,lihatnya,13
maen,main,13
mengkonsumsi,mengonsumsi,13
mgkn,mungkin,13
mosok,masa,13
nuntut,menuntut,13
postingan,unggahan,13
rata2,rata-rata,13
rmh,rumah,13
sndiri,sendiri,13
tar,nanti,13
aamiin,amin,12
bgtu,begitu,12
bngt,sangat,12
dibilangin,diberi tahu,12
hny,hanya,12
hrsnya,harusnya,12
idup,hidup,12
ijin,izin,12
iyaa,iya,12
jga,juga,12
kab,kabupaten,12
kerjasama,kerja sama,12
lanjutin,lanjutkan,12
ngajar,mengajar,12
ngamuk,mengamuk,12
ngeluh,mengeluh,12
sdg,sedang,12
sempet,sempat,12
tiba2,tiba-tiba,12
ade,adik,11
adekku,adikku,11
ahh,ah,11
ajalah,sajalah,11
anak2nya,anak-anaknya,11
ape,apa,11
besok2,besok-besok,11
bkin,membuat,11
busui,ibu menyusui,11
diomongin,dibicarakan,11
ditempat,di tempat,11
dng,dengan,11
gblk,goblok,11
gilaa,gila,11
gratisan,gratis,11
hal2,hal-hal,11
hati2,hati-hati,11
jateng,jawa tengah,11
kesana,ke sana,11
ketum,ketua umum,11
kn,kan,11
makasih,terima kasih,11
megang,memegang,11
milyar,miliar,11
monggo,silakan,11
mreka,mereka,11
nda,tidak,11
ngitung,menghitung,11
piye,bagaimana,11
segitunya,sebegitunya,11
sihh,sih,11
woyyy,woy,11
yaelah,ya ampun,11
yok,yuk,11
yth,yang terhormat,11
adlh,adalah,10
banggain,banggakan,10
bgmn,bagaimana,10
blom,belum,10
bnr,benar,10
bwt,buat,10
diawal,di awal,10
didepan,di depan,10
dimata,di mata,10
disekolah,di sekolah,10
ehh,eh,10
eneg,enek,10
gapunya,tidak punya,10
gmana,bagaimana,10
hehehe,hahaha,10
itupun,itu pun,10
ituu,itu,10
jadiin,jadikan,10
knapa,kenapa,10
kwalitas,kualitas,10
lt,lantai,10
macem,macam,10
mrka,mereka,10
ngakak,tertawa terbahak-bahak,10
ngatain,mengatai,10
ngatur,mengatur,10
ngerasa,merasa,10
nyobain,mencoba,10
orng,orang,10
pikirin,pikirkan,10
playing,bermain,10
pulak,pula,10
scr,secara,10
tambahin,tambahkan,10
taun,tahun,10
ttd,tertanda,10
urusin,urusi,10
2x,dua kali,9
adain,mengadakan,9
adl,adalah,9
alus,halus,9
asik,asyik,9
balikin,kembalikan,9
bandingin,bandingkan,9
bangke,bangkai,9
bawa2,bawa-bawa,9
bgst,bangsat,9
brarti,berarti,9
dibiarin,dibiarkan,9
dimasukin,dimasukkan,9
ditanyain,ditanyai,9
gasih,tidak sih,9
genk,geng,9
gile,gila,9
hahahaha,hahaha,9
iyain,iyakan,9
jln,jalan,9
kabeh,semua,9
kh,kah,9
klean,kalian,9
kntl,kontol,9
koyo,seperti,9
kpn,kapan,9
maap,maaf,9
mba,mbak,9
neh,nih,9
nga,tidak,9
ngarep,berharap,9
ngaruh,berpengaruh,9
ngejar,mengejar,9
ngerjain,mengerjakan,9
pakek,pakai,9
pny,punya,9
propinsi,provinsi,9
segede,sebesar,9
sok2an,sok-sokan,9
sprti,seperti,9
tanggungjawab,tanggung jawab,9
terimakasih,terima kasih,9
tuk,untuk,9
1x,sekali,8
ane,aku,8
apalgi,apalagi,8
bawain,membawakan,8
bem,badan eksekutif mahasiswa,8
bsa,bisa,8
cepet,cepat,8
dikerjain,dikerjakan,8
dimana2,di mana-mana,8
emak2,ibu-ibu,8
gni,begini,8
hmmm,hmm,8
hrus,harus,8
iniii,ini,8
kebayang,terbayang,8
ketauan,ketahuan,8
laper,lapar,8
main2,main-main,8
masukin,masukkan,8
ngapa,mengapa,8
ngemeng,berbicara,8
ngikutin,mengikuti,8
nich,nih,8
nikmatin,menikmati,8
nunjukin,menunjukkan,8
nurut,menurut,8
nyusahin,menyusahkan,8
pingin,ingin,8
seh,sih,8
serem,seram,8
wkwkkw,hahaha,8
wkwkkwkw,hahaha,8
adek2,adik-adik,7
adik2,adik-adik,7
ahhh,ah,7
bales,balas,7
bangett,sangat,7
bapak2,bapak-bapak,7
bat,sangat,7
bayarin,membayarkan,7
bner,benar,7
bosen,bosan,7
cafe,kafe,7
cb,coba,7
dengernya,dengarnya,7
dikata,dikira,7
dikatain,dikatai,7
disaat,di saat,7
disekitar,di sekitar,7
doain,doakan,7
gass,gas,7
gws,semoga cepat sembuh,7
huhu,huhuhu,7
inii,ini,7
itung,hitung,7
kaka,kakak,7
kdg,kadang,7
keatas,ke atas,7
kebawah,ke bawah,7
kemakan,termakan,7
kepake,terpakai,7
kesian,kasihan,7
marah2,marah-marah,7
mw,mau,7
nabrak,menabrak,7
nambahin,menambahkan,7
naon,apa,7
nawarin,menawarkan,7
negara2,negara-negara,7
ngajak,mengajak,7
ngakunya,mengakunya,7
ngerusak,merusak,7
ngobrol,mengobrol,7
ngumpulin,mengumpulkan,7
nnti,nanti,7
ntah,entah,7
nungguin,menunggu,7
nyadar,menyadari,7
nyimak,menyimak,7
oalah,walah,7
ohh,oh,7
pdhal,padahal,7
sama2,sama-sama,7
sich,sih,7
sodara,saudara,7
sperti,seperti,7
sprt,seperti,7
stlh,setelah,7
sulteng,sulawesi tengah,7
ud,sudah,7
walopun,walaupun,7
yaaaa,ya,7
ajaa,saja,6
ajh,saja,6
alloh,allah,6
aneh2,aneh-aneh,6
ayoo,ayo,6
bagus2,bagus-bagus,6
baperan,mudah terbawa perasaan,6
beresiko,berisiko,6
bgni,begini,6
brpa,berapa,6
buru2,buru-buru,6
bw,bawa,6
cpt,cepat,6
dak,tidak,6
dewe,sendiri,6
didalam,di dalam,6
dikemanain,dikemanakan,6
dikumpulin,dikumpulkan,6
dilakuin,dilakukan,6
dimarahin,dimarahi,6
ditengah,di tengah,6
eek,kotoran,6
fyi,sebagai informasi,6
gabakal,tidak akan,6
gaperlu,tidak perlu,6
gawe,bekerja,6
hari2,hari-hari,6
iye,iya,6
jangan2,jangan-jangan,6
jkt,jakarta,6
keinget,teringat,6
kemana2,ke mana-mana,6
kenceng,kencang,6
kerjaannya,pekerjaannya,6
kids,anak-anak,6
ktnya,katanya,6
kumaha,bagaimana,6
laah,lah,6
lebay,berlebihan,6
lohh,loh,6
marahin,memarahi,6
mikirnya,berpikirnya,6
mkan,makan,6
mlh,malah,6
mn,mana,6
mna,mana,6
msih,masih,6
mslh,masalah,6
ngadain,mengadakan,6
ngantuk,mengantuk,6
ngebunuh,membunuh,6
ngecek,mengecek,6
ngeluarin,mengeluarkan,6
ngilangin,menghilangkan,6
ngono,begitu,6
ngorbanin,mengorbankan,6
nihh,nih,6
nulis,menulis,6
numpuk,menumpuk,6
nyaa,nya,6
nyesel,menyesal,6
nyoblos,mencoblos,6
pgn,ingin,6
pnya,punya,6
sampek,sampai,6
samsek,sama sekali,6
sehat2,sehat-sehat,6
sekali2,sekali-sekali,6
sgt,sangat,6
sik,sebentar,6
sklh,sekolah,6
skolah,sekolah,6
skr,sekarang,6
smoga,semoga,6
stuju,setuju,6
sumsel,sumatera selatan,6
td,tadi,6
tebel,tebal,6
tiati,hati-hati,6
trnyata,ternyata,6
tunjukin,tunjukkan,6
udeh,sudah,6
ultah,ulang tahun,6
ush,usah,6
wkwkwkkw,hahaha,6
wkwkwkwkwk,hahaha,6
yaampun,ya ampun,6
yap,ya,6
yee,ya,6
ada2,ada-ada,5
antri,antre,5
apaaan,apaan,5
aya,ada,5
bagiin,bagikan,5
bangat,sangat,5
bapake,bapaknya,5
baper,terbawa perasaan,5
bedain,membedakan,5
begok,bodoh,5
berenti,berhenti,5
beresin,membereskan,5
bete,kesal,5
betul2,betul-betul,5
bgs,bagus,5
bgtt,sangat,5
bneran,sungguh,5
bnr2,benar-benar,5
bodoamat,masa bodoh,5
brapa,berapa,5
bru,baru,5
cari2,cari-cari,5
cemilan,camilan,5
ceo,direktur utama,5
cewe,perempuan,5
cma,hanya,5
dejavu,deja vu,5
didenger,didengar,5
diginiin,dibeginikan,5
dikit2,sedikit-sedikit,5
ditangan,di tangan,5
dtg,datang,5
gaes,kawan-kawan,5
gag,tidak,5
gais,teman-teman,5
gaje,tidak jelas,5
gapake,tidak pakai,5
gausa,tidak usah,5
gilaaa,gila,5
grgr,gara-gara,5
gub,gubernur,5
haters,pembenci,5
hnya,hanya,5
ieu,ini,5
ikut2an,ikut-ikutan,5
jatim,jawa timur,5
jingan,bajingan,5
jng,jangan,5
kalu,kalau,5
kata2,kata-kata,5
kec,kecamatan,5
klen,kalian,5
klw,kalau,5
lagii,lagi,5
lahhh,lah,5
lakuin,lakukan,5
lhoo,loh,5
luh,kamu,5
lwt,lewat,5
maba,mahasiswa baru,5
malu2in,memalukan,5
mh,mah,5
mksdnya,maksudnya,5
motong,memotong,5
nabung,menabung,5
ngebacot,banyak bicara,5
ngoceh,mengoceh,5
ngopi,minum kopi,5
nie,nih,5
niru,meniru,5
nnt,nanti,5
nyebar,menyebar,5
omongin,bicarakan,5
ongkir,ongkos kirim,5
ooh,oh,5
owh,oh,5
pda,pada,5
pengennya,inginnya,5
pke,pakai,5
plg,pulang,5
praktek,praktik,5
prakteknya,praktiknya,5
pura2,pura-pura,5
sekolahin,sekolahkan,5
sia2,sia-sia,5
sii,sih,5
skalian,sekalian,5
slama,selama,5
sll,selalu,5
suka2,suka-suka,5
tgl,tanggal,5
udahan,selesai,5
wahh,wah,5
woiii,woi,5
woyy,oi,5
yahh,ya,5
yakali,masa iya,5
yakan,ya kan,5
abal2,abal-abal,4
ajarin,ajarkan,4
akeh,banyak,4
ambyar,bercerai-berai,4
awal2,awal-awal,4
ayok,ayo,4
bangunin,membangunkan,4
bantuin,membantu,4
banyak2,banyak-banyak,4
beliin,belikan,4
berati,berarti,4
bgitu,begitu,4
bhw,bahwa,4
bnget,sangat,4
bokap,ayah,4
boro2,boro-boro,4
bosss,bos,4
ceunah,katanya,4
cr,cara,4
didengerin,didengarkan,4
dihh,idih,4
ditayangin,ditayangkan,4
diurusin,diurusi,4
dkt,dekat,4
dngan,dengan,4
drmn,dari mana,4
dua2nya,dua-duanya,4
duluu,dulu,4
elo,kamu,4
etc,dan lain-lain,4
fans,fan,4
gassss,gas,4
gelem,bersedia,4
gercep,gerak cepat,4
gilaaaa,gila,4
gimanapun,bagaimanapun,4
gimna,bagaimana,4
gituu,begitu,4
gituuu,begitu,4
gwe,saya,4
haduh,aduh,4
higenis,higienis,4
hilih,halah,4
itungan,hitungan,4
jauh2,jauh-jauh,4
jngan,jangan,4
kalii,kali,4
kebalik,terbalik,4
kebeli,terbeli,4
kerasa,terasa,4
kmn,ke mana,4
kmren,kemarin,4
knpa,kenapa,4
ksh,kasih,4
kwkwkw,hahaha,4
lagiii,lagi,4
lbih,lebih,4
lsg,langsung,4
lur,teman-teman,4
mahluk,makhluk,4
mancing,memancing,4
mantab,mantap,4
mantep,mantap,4
mayan,lumayan,4
mimin,administrator,4
mngkin,mungkin,4
mudah2an,mudah-mudahan,4
naek,naik,4
nanggepin,menanggapi,4
nengok,menengok,4
ngaca,berkaca,4
ngalahin,mengalahkan,4
ngalamin,mengalami,4
ngambek,merajuk,4
ngasihnya,memberinya,4
ngegas,mengegas,4
ngelamar,melamar,4
ngelawan,melawan,4
ngerayain,merayakan,4
nggo,memakai,4
ngikut,mengikut,4
ngingetin,mengingatkan,4
nii,ini,4
nipu,menipu,4
nitip,menitip,4
nontonnya,menontonnya,4
ntr,nanti,4
nuduh,menuduh,4
nyebut,menyebut,4
nyokap,ibu,4
ohhh,oh,4
oiya,oh iya,4
ojol,ojek daring,4
otw,dalam perjalanan,4
paksain,paksakan,4
perhatiin,perhatikan,4
pesen,pesan,4
pisan,sangat,4
pling,paling,4
pliss,tolong,4
plisss,tolong,4
prnh,pernah,4
prov,provinsi,4
psti,pasti,4
rame2,ramai-ramai,4
resto,restoran,4
sblmnya,sebelumnya,4
sedikitpun,sedikit pun,4
siapin,menyiapkan,4
sihhh,sih,4
skali,sekali,4
smpai,sampai,4
sndri,sendiri,4
sopo,siapa,4
spertinya,sepertinya,4
standart,standar,4
sultra,sulawesi tenggara,4
sungguh2,sungguh-sungguh,4
tanyain,tanyakan,4
tbtb,tiba-tiba,4
teman2,teman-teman,4
teros,terus,4
tlg,tolong,4
tmpt,tempat,4
unfaedah,tidak berfaedah,4
univ,universitas,4
untk,untuk,4
waaah,wah,4
walo,walau,4
woii,woi,4
yng,yang,4
abang2,abang-abang,3
abis2,habis-habis,3
adaa,ada,3
ajaaaa,saja,3
akhir2,akhir-akhir,3
allahhhhh,allah,3
amit2,amit-amit,3
anggep,anggap,3
antum,anda,3
apaaa,apa,3
aq,aku,3
arep,akan,3
astagaaa,astaga,3
atu,satu,3
atw,atau,3
bacotin,bacoti,3
baguss,bagus,3
bangettt,sangat,3
bangetttt,sangat,3
becanda,bercanda,3
berantem,bertengkar,3
berkali2,berkali-kali,3
betull,betul,3
bgsd,bangsat,3
bgttt,sangat,3
bgus,bagus,3
bisaa,bisa,3
bner2,benar-benar,3
brrti,berarti,3
btul,betul,3
bukn,bukan,3
bulet,bulat,3
bullshit,omong kosong,3
cawapres,calon wakil presiden,3
ckp,cukup,3
diajarin,diajari,3
dibanggain,dibanggakan,3
dibelakang,di belakang,3
didalamnya,di dalamnya,3
diingetin,diingatkan,3
disetiap,di setiap,3
dmn,di mana,3
dpn,depan,3
ee,tahi,3
ehhh,eh,3
endingnya,akhirnya,3
gasss,gas,3
gasuka,tidak suka,3
gedeg,kesal,3
gedhe,besar,3
gf,pacar,3
gosah,tidak usah,3
guysss,teman-teman,3
hahah,hahaha,3
hahahah,hahaha,3
hahahahaha,hahaha,3
hallo,halo,3
hayoo,ayo,3
hilangin,menghilangkan,3
ihh,ih,3
ireng,hitam,3
istighfar,istigfar,3
ituuu,itu,3
jagain,jaga,3
jgn2,jangan-jangan,3
kadis,kepala dinas,3
kalean,kalian,3
kaliann,kalian,3
kaltim,kalimantan timur,3
kelaperan,kelaparan,3
kelen,kalian,3
keliatannya,kelihatannya,3
keluarin,keluarkan,3
kerjain,kerjakan,3
kerjo,kerja,3
kerumah,ke rumah,3
ketawain,menertawakan,3
kirimin,mengirimi,3
klian,kalian,3
kmaren,kemarin,3
kmna,ke mana,3
kmrin,kemarin,3
kmu,kamu,3
kocakkk,kocak,3
kog,kok,3
kominfo,komunikasi dan informasi,3
kreatifitas,kreativitas,3
kurangin,kurangi,3
kyak,seperti,3
lahhhh,lah,3
lgs,langsung,3
lgsung,langsung,3
looh,loh,3
maafin,maafkan,3
macam2,macam-macam,3
makan2,makan-makan,3
malming,malam minggu,3
masok,masuk,3
matiin,matikan,3
mensukseskan,menyukseskan,3
mereka2,mereka-mereka,3
met,selamat,3
micin,mononatrium glutamat,3
mknya,makanya,3
mlm,malam,3
monitoring,pengawasan,3
mukulin,memukuli,3
nanyain,menanyakan,3
ngajakin,mengajak,3
nganter,mengantar,3
ngantri,mengantre,3
ngebantu,membantu,3
ngebiarin,membiarkan,3
ngelakuin,melakukan,3
ngelaporin,melaporkan,3
ngelawak,melawak,3
ngerendahin,merendahkan,3
ngirim,mengirim,3
ngmg,berbicara,3
ngmng,berbicara,3
ngrasain,merasakan,3
ngumpul,berkumpul,3
ngunyah,mengunyah,3
nontonin,menonton,3
numpang,menumpang,3
nutup,menutup,3
nutupin,menutupi,3
nyaaa,nya,3
nyangkut,menyangkut,3
nyenengin,menyenangkan,3
nyerang,menyerang,3
nyiapin,menyiapkan,3
ojo,jangan,3
omg,ya tuhan,3
orderan,pesanan,3
orng2,orang-orang,3
paan,apa,3
pdahal,padahal,3
pengin,ingin,3
plissss,tolong,3
poto,foto,3
pukulin,pukuli,3
punten,permisi,3
rejekinya,rezekinya,3
rempong,repot,3
resikonya,risikonya,3
ruko,rumah toko,3
salfok,salah fokus,3
sam,sama,3
sambel,sambal,3
sangat2,sangat-sangat,3
satu2,satu-satu,3
satu2nya,satu-satunya,3
sdah,sudah,3
seger,segar,3
sekaliiii,sekali,3
sendri,sendiri,3
sensi,sensitif,3
seriusan,serius,3
sgala,segala,3
siii,sih,3
skg,sekarang,3
slalu,selalu,3
slh,salah,3
stiap,setiap,3
tampol,pukul,3
tbh,sejujurnya,3
tdi,tadi,3
temen-temen,teman-teman,3
terosss,terus,3
teruss,terus,3
tololl,tolol,3
tolollll,tolol,3
trjadi,terjadi,3
trlalu,terlalu,3
tua2,tua-tua,3
waah,wah,3
waw,wow,3
wkt,waktu,3
wkw,hahaha,3
wkwkk,hahaha,3
wkwkwkk,hahaha,3
wkwwk,hahaha,3
woww,wow,3
xixixi,hahaha,3
yaah,ya,3
yach,ya,3
yauda,iya sudah,3
aaamiin,amin,2
adeknya,adiknya,2
aelah,alah,2
aer,air,2
ajaaa,saja,2
ajj,saja,2
akn,akan,2
akuu,aku,2
ala2,ala-ala,2
allahuakbar,allahu akbar,2
alm,almarhum,2
almh,almarhumah,2
ambilin,mengambil,2
amen,amin,2
ampuun,ampun,2
anehh,aneh,2
anter,antar,2
antrian,antrean,2
apaa,apa,2
apalg,apalagi,2
aseli,asli,2
aza,saja,2
bacod,bacot,2
bagusss,bagus,2
bangettttt,sangat,2
bangsattt,bangsat,2
bangsatttt,bangsat,2
baru2,baru-baru,2
bekerjasama,bekerja sama,2
benerr,benar,2
bersihin,bersihkan,2
besar2an,besar-besaran,2
betol,betul,2
bgi,bagi,2
bgmana,bagaimana,2
bhkn,bahkan,2
biasaaa,biasa,2
bkan,bukan,2
blajar,belajar,2
blh,boleh,2
blng,bilang,2
bntr,sebentar,2
bole,boleh,2
bosqu,bosku,2
brani,berani,2
brita,berita,2
ceritain,ceritakan,2
cita2,cita-cita,2
collab,kolaborasi,2
cowo,laki-laki,2
cuyy,cuy,2
dehh,deh,2
dgr,dengar,2
diakhir,di akhir,2
diantara,di antara,2
dianter,diantar,2
dibidang,di bidang,2
didunia,di dunia,2
dilindungin,dilindungi,2
dipinggir,di pinggir,2
dirut,direktur utama,2
diseluruh,di seluruh,2
dmana,di mana,2
doangg,saja,2
dsna,di sana,2
duhh,duh,2
duhhh,duh,2
dy,dia,2
elahh,alah,2
emank,memang,2
ex,eks,2
feb,februari,2
fgd,diskusi kelompok terpumpun,2
fk,fakultas kedokteran,2
fpi,front pembela islam,2
gaa,tidak,2
gajadi,tidak jadi,2
gakuat,tidak kuat,2
gamasuk,tidak masuk,2
gangerti,tidak mengerti,2
gantiin,menggantikan,2
gapercaya,tidak percaya,2
gilaaaaaa,gila,2
gilak,gila,2
gimanaa,bagaimana,2
gimn,bagaimana,2
gituan,seperti itu,2
gitulah,begitulah,2
goblokk,goblok,2
goblooookk,goblok,2
guyss,teman-teman,2
gx,tidak,2
haaa,ha,2
hahahaa,hahaha,2
hbs,habis,2
hedon,hedonisme,2
hehehehe,hahaha,2
heyy,hey,2
hihi,hahaha,2
hihihi,hahaha,2
hri,hari,2
hy,hai,2
ihhhh,ih,2
ikutin,ikuti,2
ingetin,ingatkan,2
inih,ini,2
insyaallah,insya allah,2
ipk,indeks prestasi kumulatif,2
iy,iya,2
iyuh,ih,2
jakpus,jakarta pusat,2
jalan2,jalan-jalan,2
jatoh,jatuh,2
jgan,jangan,2
jl,jalan,2
jngn,jangan,2
jo,jangan,2
jogetin,berjoget,2
jogja,yogyakarta,2
jugaa,juga,2
jwb,jawab,2
kale,kali,2
kaliii,kali,2
kam,kamu,2
kann,kan,2
kata2nya,kata-katanya,2
kawan2,kawan-kawan,2
kebelakang,ke belakang,2
kebukti,terbukti,2
kecik,kecil,2
kedalam,ke dalam,2
kekgini,seperti begini,2
kenape,kenapa,2
kepikir,terpikir,2
keracunann,keracunan,2
kerennn,keren,2
khan,kan,2
kitu,begitu,2
kluar,keluar,2
konten2,konten-konten,2
kwkw,hahaha,2
kyaknya,sepertinya,2
laaaah,lah,2
laaah,lah,2
launching,peluncuran,2
lepasin,melepas,2
liat2,lihat-lihat,2
liatin,lihat,2
liatnyaa,lihatnya,2
loeee,kamu,2
lohhh,loh,2
luarbiasa,luar biasa,2
lucuuu,lucu,2
lupain,lupakan,2
luuu,kamu,2
maenan,mainan,2
makann,makan,2
makannan,makanan,2
maluu,malu,2
maluuu,malu,2
mantapp,mantap,2
mantappp,mantap,2
mantau,memantau,2
mao,mau,2
mbk,mbak,2
mcm,macam,2
mgkin,mungkin,2
minjem,meminjam,2
mknn,makanan,2
mlah,malah,2
mmng,memang,2
mnding,lebih baik,2
mnjadi,menjadi,2
msuk,masuk,2
muka2,muka-muka,2
muke,muka,2
nahh,nah,2
nangisss,menangis,2
ndeso,kampungan,2
nerusin,meneruskan,2
ngadepin,menghadapi,2
ngajarin,mengajari,2
ngalah,mengalah,2
ngalir,mengalir,2
nganu,anu,2
ngarang,mengarang,2
ngayal,mengkhayal,2
ngebela,membela,2
ngebelain,membela,2
ngedukung,mendukung,2
ngehujat,menghujat,2
ngemil,mengemil,2
ngerii,ngeri,2
ngertii,mengerti,2
ngetwit,menulis cuitan,2
ngilang,menghilang,2
ngimpi,bermimpi,2
ngocok,mengocok,2
nh,nih,2
nihhhhh,nih,2
ninggalin,meninggalkan,2
nongkrong,menongkrong,2
ntn,menonton,2
nyangka,menyangka,2
nyengir,menyengir,2
nyerah,menyerah,2
nyicil,mencicil,2
nyindir,menyindir,2
nyoba,mencoba,2
nyolong,mencuri,2
okay,oke,2
oooh,oh,2
parpol,partai politik,2
pas2an,pas-pasan,2
paslon,pasangan calon,2
perbaikin,memperbaiki,2
petinggi2,petinggi-petinggi,2
pnting,penting,2
pokonya,pokoknya,2
ponpes,pondok pesantren,2
qt,kita,2
que,kue,2
rapih,rapi,2
rasain,rasakan,2
rsj,rumah sakit jiwa,2
samaa,sama,2
samperin,datangi,2
sape,siapa,2
satgas,satuan tugas,2
sblum,sebelum,2
sbnrnya,sebenarnya,2
seafood,hidangan laut,2
seeh,sih,2
semuaaa,semua,2
seringkali,sering kali,2
siiih,sih,2
sja,saja,2
slah,salah,2
smakin,semakin,2
smbil,sambil,2
smg,semoga,2
smuanya,semuanya,2
sna,sana,2
sotoy,sok tahu,2
spam,pesan sampah,2
standarisasi,standardisasi,2
sumut,sumatera utara,2
suru,suruh,2
tanggung2,tanggung-tanggung,2
taon,tahun,2
tauu,tahu,2
terus2an,terus-terusan,2
terusss,terus,2
tetiba,tiba-tiba,2
tetp,tetap,2
thx,terima kasih,2
tinggalin,tinggalkan,2
tipis2,tipis-tipis,2
tlp,telepon,2
tmen,teman,2
tmn,teman,2
tmn2nya,teman-temannya,2
tololll,tolol,2
toloool,tolol,2
ttap,tetap,2
ttep,tetap,2
tuhh,itu,2
turu,tidur,2
tutupin,menutupi,2
tw,tahu,2
twt,cuitan,2
udahh,sudah,2
udahhh,sudah,2
ujan,hujan,2
unboxing,membuka kotak,2
ungkit2,ungkit-ungkit,2
vibes,suasana,2
vid,video,2
waduhh,waduh,2
wanna,mau,2
warkop,warung kopi,2
wktu,waktu,2
yahhh,ya,2
yeeee,ya,2
yu,yuk,2
aaah,ah,1
aaahhhhh,ah,1
aaamiinn,amin,1
aamiinnn,amin,1
aampuuun,ampun,1
abisnya,habisnya,1
abisss,habis,1
adduh,aduh,1
adoh,aduh,1
aduhh,aduh,1
aduuhhh,aduh,1
aduuuh,aduh,1
ahahaha,hahaha,1
ahhhh,ah,1
ajalahh,sajalah,1
ajhh,saja,1
aktifitas,aktivitas,1
akuh,aku,1
alamin,mengalami,1
alhamdulillaah,alhamdulillah,1
allaaaaahhhhh,allah,1
allaah,allah,1
allahh,allah,1
ampuunn,ampun,1
anak2mu,anak-anakmu,1
anakny,anaknya,1
anehhh,aneh,1
anehhhh,aneh,1
anget,hangat,1
ank2,anak-anak,1
anugrah,anugerah,1
apaasihhh,apa sih,1
apah,apa,1
apasihh,apa sih,1
apasihhhh,apa sih,1
apasihhhhh,apa sih,1
asliii,asli,1
astagaaaa,astaga,1
astagfirullahhh,astagfirullah,1
ati2,hati-hati,1
ayooo,ayo,1
b2,berdua,1
b3,bertiga,1
baca2,baca-baca,1
baek2,baik-baik,1
bagaimmana,bagaimana,1
bagussss,bagus,1
baiq,baik,1
banged,sangat,1
bangeeet,sangat,1
bangetttttt,sangat,1
bangg,bang,1
bangsaatt,bangsat,1
bangun2,bangun-bangun,1
banyaaakk,banyak,1
banyakk,banyak,1
banyakkkk,banyak,1
bareng2,bersama-sama,1
barengan,bersama,1
barokah,berkah,1
basii,basi,1
batre,baterai,1
bbgt,sangat,1
bcs,karena,1
bct,bacot,1
beda2,beda-beda,1
bedaaa,beda,1
begimane,bagaimana,1
beginii,begini,1
begituuu,begitu,1
bela2in,membela-bela,1
benahin,membenahi,1
benda2,benda-benda,1
berfikirnya,berpikirnya,1
bermacam2,bermacam-macam,1
bestie,sahabat,1
bettul,betul,1
betulllll,betul,1
beut,sangat,1
bggtt,sangat,1
bgmna,bagaimana,1
bgttttt,sangat,1
bgtttttt,sangat,1
biasaa,biasa,1
bisaaa,bisa,1
bkal,bakal,1
bli,beli,1
bljr,belajar,1
bngtt,sangat,1
bnran,sungguh,1
bnrn,sungguh,1
bodohh,bodoh,1
boleh2,boleh-boleh,1
bp,bapak,1
brrt,berarti,1
brsama,bersama,1
bsk,besok,1
btl,betul,1
buanget,sangat,1
bukber,buka bersama,1
bulan2,bulan-bulan,1
bungkusin,bungkuskan,1
burem,buram,1
byak,banyak,1
byangin,membayangkan,1
cariin,carikan,1
caya,percaya,1
cem,macam,1
cepetan,lebih cepat,1
cman,hanya,1
cobaa,coba,1
cobaaaa,coba,1
cobak,coba,1
copas,salin tempel,1
coyyy,coy,1
cpk,lelah,1
cw,perempuan,1
dann,dan,1
daritadi,dari tadi,1
dasyat,dahsyat,1
dbuat,dibuat,1
ddana,dana,1
deeeh,deh,1
dehhhh,deh,1
dengarin,mendengarkan,1
deui,lagi,1
diambilin,diambilkan,1
diantaranya,di antaranya,1
dianterin,diantarkan,1
diapa2in,diapa-apai,1
dibully,dirundung,1
dicariin,dicarikan,1
didapet,didapat,1
dihhh,idih,1
dihhhhhhh,idih,1
dijalan,di jalan,1
dikampung,di kampung,1
dikantor,di kantor,1
dikasihin,diberikan,1
diklat,pendidikan dan pelatihan,1
dikota,di kota,1
diladenin,diladeni,1
dilain,di lain,1
diliatnya,dilihatnya,1
diluaran,di luaran,1
dimanapun,di mana pun,1
dimasa,di masa,1
dimna,di mana,1
dimuka,di muka,1
diposisi,di posisi,1
disebelah,di sebelah,1
disni,di sini,1
disuruh2,disuruh-suruh,1
ditutupin,ditutupi,1
diupload,diunggah,1
dlam,dalam,1
dluar,di luar,1
dmna,di mana,1
dnk,dong,1
doaang,saja,1
dolo,dulu,1
dongg,dong,1
dongs,dong,1
donkk,dong,1
doong,dong,1
dpat,dapat,1
dpotong,dipotong,1
dripada,daripada,1
drpada,daripada,1
dsini,di sini,1
dsni,di sini,1
duluuu,dulu,1
dung,dong,1
dunk,dong,1
dwsa,dewasa,1
edannn,edan,1
ekspetasi,ekspektasi,1
elo2,kamu-kamu,1
emot,emotikon,1
emyu,manchester united,1
entek,habis,1
epe,apa,1
eug,saya,1
fakta2,fakta-fakta,1
fikir,pikir,1
fikirkan,pikirkan,1
flashback,kilas balik,1
folback,ikuti balik,1
followers,pengikut,1
foto2,foto-foto,1
friends,teman-teman,1
gabole,tidak boleh,1
gaenak,tidak enak,1
gaess,teman-teman,1
gaharus,tidak harus,1
gakk,tidak,1
gakkk,tidak,1
gakpapa,tidak apa-apa,1
gank,gang,1
garuk2,garuk-garuk,1
gatel,gatal,1
gaterima,tidak terima,1
gbs,tidak bisa,1
gda,tidak ada,1
gebleg,geblek,1
geh,gih,1
gemesnya,gemasnya,1
gilakkk,gila,1
gils,gila,1
goblokkk,goblok,1
gonna,akan,1
goodbye,selamat tinggal,1
gr2,gara-gara,1
gratiss,gratis,1
gtu2,begitu-begitu,1
guanteng,ganteng,1
guee,saya,1
gya,gaya,1
hahahahahaha,hahaha,1
hahahahha,hahaha,1
hahhaha,hahaha,1
halahh,alah,1
halangin,halangi,1
hallooo,halo,1
hape,telepon seluler,1
hapusin,hapuskan,1
hastag,tagar,1
hdp,hidup,1
hebaat,hebat,1
hehee,hahaha,1
heii,hai,1
hepi,senang,1
hiduppp,hidup,1
hiii,hai,1
hmmmmm,hm,1
hmpir,hampir,1
hrusnya,harusnya,1
hutangnya,utangnya,1
ibliss,iblis,1
idk,tidak tahu,1
iiih,ih,1
ikut2,ikut-ikut,1
imut2,imut-imut,1
inihhh,ini,1
iseng2,iseng-iseng,1
ituh,itu,1
iyaaa,iya,1
iyaaaa,iya,1
iyah,iya,1
iyak,iya,1
jak,jakarta,1
jauhh,jauh,1
jauhhh,jauh,1
jauhin,jauhi,1
jelek2,jelek-jelek,1
jlek,jelek,1
jobs,pekerjaan,1
jokes,lelucon,1
jugaaa,juga,1
jugak,juga,1
jugo,juga,1
justeru,justru,1
jwab,jawab,1
kaa,kak,1
kaan,kan,1
kaannnn,kan,1
kakak2,kakak-kakak,1
kakkk,kak,1
kaliiii,kali,1
kaliiin,kalian,1
kalok,kalau,1
kannn,kan,1
kate,kata,1
kayaa,kaya,1
kcil,kecil,1
kdang,kadang,1
kebanggan,kebanggaan,1
kebongkar,terbongkar,1
kebuka,terbuka,1
kekk,seperti,1
kemanapun,ke mana pun,1
kepingin,ingin,1
kereeeeennn,keren,1
kereenn,keren,1
kerenn,keren,1
kerennnn,keren,1
ketipu,tertipu,1
kgak,tidak,1
kgn,rindu,1
kieu,seperti ini,1
kinclong,berkilau,1
kinda,agak,1
kite,kita,1
klakuan,kelakuan,1
kli,kali,1
kliatan,kelihatan,1
kluarga,keluarga,1
kmarin,kemarin,1
komenan,komentar,1
koment,komentar,1
komentar2,komentar-komentar,1
komplek,kompleks,1
kost,indekos,1
kowe,kamu,1
kppn,kapan,1
kq,kok,1
kraton,keraton,1
krena,karena,1
krjaan,pekerjaan,1
krng,kurang,1
ksih,kasih,1
ksr,kasar,1
ktanya,katanya,1
ktawa,tertawa,1
kulo,saya,1
kwantitas,kuantitas,1
kyanya,sepertinya,1
laa,lah,1
lagiiii,lagi,1
lagu2,lagu-lagu,1
lansung,langsung,1
lht,lihat,1
lmao,hahaha,1
lngsng,langsung,1
lngsung,langsung,1
lucu2,lucu-lucu,1
lucuk,lucu,1
lucuuuuuuuu,lucu,1
luhhh,kamu,1
luu,kamu,1
luwih,lebih,1
mabar,main bersama,1
macem2,macam-macam,1
mahall,mahal,1
mahh,mah,1
mainin,mainkan,1
makasar,makassar,1
makasii,terima kasih,1
maksd,maksud,1
maksih,terima kasih,1
mamam,makan,1
manggil,memanggil,1
manteman,teman-teman,1
masang,memasang,1
mauu,mau,1
max,maksimal,1
mbak2,mbak-mbak,1
mbanya,mbaknya,1
mbil,sambil,1
mboten,tidak,1
meluk,memeluk,1
menasehati,menasihati,1
meneh,lagi,1
mesen,memesan,1
mff,maaf,1
mhn,mohon,1
miara,memelihara,1
mksud,maksud,1
mmang,memang,1
mndpt,mendapat,1
mnerima,menerima,1
mnjdi,menjadi,1
mnta,minta,1
model2,model-model,1
mrk2,mereka,1
msg2,masing-masing,1
mslhnya,masalahnya,1
mukax,mukanya,1
muluuu,melulu,1
naaahhh,nah,1
nafass,napas,1
nagih,menagih,1
najiss,najis,1
nakutin,menakutkan,1
nambahh,bertambah,1
nampar,menampar,1
nantangin,menantang,1
narik,menarik,1
ndelok,melihat,1
nemenin,menemani,1
nempel,menempel,1
nemuin,menemukan,1
nenek2,nenek-nenek,1
nentuin,menentukan,1
nerawang,menerawang,1
ngabis2in,menghabis-habiskan,1
ngadem,menyejukkan diri,1
ngadu,mengadu,1
ngaji,mengaji,1
ngakakkk,tertawa terbahak-bahak,1
ngambekan,mudah merajuk,1
ngamen,mengamen,1
ngapa2in,melakukan apa-apa,1
ngebayangin,membayangkan,1
ngebuang,membuang,1
ngebuat,membuat,1
ngechat,mengirim pesan,1
ngedate,berkencan,1
ngedenger,mendengar,1
ngedit,mengedit,1
ngejilat,menjilat,1
ngelarang,melarang,1
ngelihat,melihat,1
ngeri2,ngeri-ngeri,1
ngeselin,mengesalkan,1
ngetik,mengetik,1
ngetweet,menulis cuitan,1
ngg,tidak,1
ngiri,iri,1
ngisi,mengisi,1
ngomel,mengomel,1
ngp,mengapa,1
ngungkit2,mengungkit-ungkit,1
niii,ini,1
niiih,nih,1
nimpuk,menimpuk,1
nm,nama,1
nmr,nomor,1
nnton,menonton,1
notif,notifikasi,1
nti,nanti,1
nugas,mengerjakan tugas,1
nuhun,terima kasih,1
nyakitin,menyakiti,1
nyariin,mencarikan,1
nyarinya,mencarinya,1
nyasar,tersesat,1
nyebrang,menyeberang,1
nyelesain,menyelesaikan,1
nyempil,menyempil,1
nyerocos,mencerocos,1
nyesal,menyesal,1
nyetir,menyetir,1
nyimpen,menyimpan,1
nyinyirin,mencibir,1
nyolot,membantah dengan kasar,1
oge,juga,1
okey,oke,1
omah,rumah,1
omdo,omong saja,1
onlen,daring,1
oom,om,1
orgtuanya,orang tuanya,1
ortuny,orang tuanya,1
oy,hai,1
pa2,apa-apa,1
paaak,pak,1
padahall,padahal,1
padet,padat,1
pagii,pagi,1
panas2,panas-panas,1
pantess,pantas,1
parahh,parah,1
pastii,pasti,1
pedes,pedas,1
peduliin,pedulikan,1
pegel,pegal,1
pemprov,pemerintah provinsi,1
perna,pernah,1
pgen,ingin,1
pinjem,pinjam,1
piro,berapa,1
pkoknya,pokoknya,1
pngn,ingin,1
pnjual,penjual,1
praktekin,mempraktikkan,1
pricelist,daftar harga,1
prlu,perlu,1
produktifitas,produktivitas,1
pulo,pulau,1
putera,putra,1
py,punya,1
qo,kok,1
qta,kita,1
rakor,rapat koordinasi,1
repot2,repot-repot,1
ributin,meributkan,1
robb,tuhan,1
sabarrr,sabar,1
saha,siapa,1
sampai2,sampai-sampai,1
sampein,sampaikan,1
sange,bergairah,1
santuy,santai,1
saos,saus,1
satpol,satuan polisi,1
saudara2,saudara-saudara,1
sbelah,sebelah,1
sbelum,sebelum,1
sbenernya,sebenarnya,1
sbuah,sebuah,1
scra,secara,1
sdri,sendiri,1
sedihh,sedih,1
sedulur,saudara,1
segerrrr,segar,1
segtu,sebegitu,1
sekalii,sekali,1
sekedarnya,sekadarnya,1
sekrang,sekarang,1
selese,selesai,1
semangatt,semangat,1
semuaa,semua,1
senengnya,senangnya,1
senyum2,senyum-senyum,1
seorg,seorang,1
sering2,sering-sering,1
setujuuu,setuju,1
sewain,sewakan,1
shalat,salat,1
sholat,salat,1
siapa2,siapa-siapa,1
siapaa,siapa,1
siih,sih,1
siihh,sih,1
silahkn,silakan,1
sisain,menyisakan,1
skli,sekali,1
slmat,selamat,1
sm2,sama-sama,1
smkin,semakin,1
smngat,semangat,1
sndr,sendiri,1
somay,siomay,1
spti,seperti,1
stelah,setelah,1
stidaknya,setidaknya,1
stju,setuju,1
sudh,sudah,1
sukur2,sukur-sukur,1
suroboyo,surabaya,1
sya,saya,1
syp,siapa,1
tambh,tambah,1
tanggungjawabnya,tanggung jawabnya,1
tangkep,tangkap,1
tanya2,tanya-tanya,1
tapii,tetapi,1
tauuuu,tahu,1
tdak,tidak,1
telfon,telepon,1
temenan,berteman,1
temenin,menemani,1
tempat2,tempat-tempat,1
terburu2,terburu-buru,1
terimaksih,terima kasih,1
ternyataa,ternyata,1
teuing,tidak tahu,1
thankyou,terima kasih,1
tingal,tinggal,1
tkut,takut,1
tlah,telah,1
tmbah,tambah,1
tmbh,tambah,1
tnggl,tanggal,1
tnp,tanpa,1
tnpa,tanpa,1
toloollll,tolol,1
trlihat,terlihat,1
trmasuk,termasuk,1
trutama,terutama,1
tuhhh,itu,1
tul,betul,1
tunjukan,tunjukkan,1
tuo,tua,1
tyda,tidak,1
udah2,sudah-sudah,1
uga,juga,1
ustadz,ustaz,1
vibe,suasana,1
waduhhh,waduh,1
waduuuuh,waduh,1
wagub,wakil gubernur,1
wahhh,wah,1
wihhh,wih,1
wkkw,hahaha,1
wkkwkw,hahaha,1
wkwkwkwkw,hahaha,1
wowww,wow,1
wowwwww,wow,1
wqwq,hahaha,1
wrna,warna,1
yaahh,ya,1
yallah,ya allah,1
yank,sayang,1
yaoloh,ya allah,1
yapp,ya,1
yaudh,ya sudah,1
yeay,hore,1
yeh,ya,1
yekan,ya kan,1
yep,ya,1
yess,iya,1
yesss,iya,1
yey,hore,1
yowes,ya sudah,1
yq,yang,1
ysh,ya,1
