"Tweet_ID","Sampling_Stratum","Sampling_Reason"
"1970826347498053720","No_Signal","No keyword match"
"2022622333987623039","No_Signal","No keyword match"
"1880226850213097907","Overlap","Matched multiple: Mutu_Gizi, Tata_Kelola"
"1889906963896774731","Tata_Kelola_Signal","Matched Tata_Kelola keyword"
"2010579014633877760","Mutu_Gizi_Signal","Matched Mutu_Gizi keyword"
"1879462370751512610","Overlap","Matched multiple: Mutu_Gizi, Tata_Kelola"
"1890097236077604894","Tata_Kelola_Signal","Matched Tata_Kelola keyword"
"1919881475144745043","Mutu_Gizi_Signal","Matched Mutu_Gizi keyword"
"1983811092217561334","Overlap","Matched multiple: Mutu_Gizi, Tata_Kelola"
"1990467692370014483","Tata_Kelola_Signal","Matched Tata_Kelola keyword"
"1922539767683600459","No_Signal","No keyword match"
"1879808401640931335","Mutu_Gizi_Signal","Matched Mutu_Gizi keyword"
"1911246015778476104","Mutu_Gizi_Signal","Matched Mutu_Gizi keyword"
"1972137962138931530","Overlap","Matched multiple: Tata_Kelola, Distribusi"
"1909904727435002096","Distribusi_Signal","Matched Distribusi keyword"
"1913217279317409997","Tata_Kelola_Signal","Matched Tata_Kelola keyword"
"1943816884140618129","Mutu_Gizi_Signal","Matched Mutu_Gizi keyword"
"2009302969498628291","Distribusi_Signal","Matched Distribusi keyword"
"1867167616374387152","No_Signal","No keyword match"
"2026988083963630061","Tata_Kelola_Signal","Matched Tata_Kelola keyword"
"1815646072414544154","Mutu_Gizi_Signal","Matched Mutu_Gizi keyword"
"1818942178170970173","Mutu_Gizi_Signal","Matched Mutu_Gizi keyword"
"1891022196295844171","Mutu_Gizi_Signal","Matched Mutu_Gizi keyword"
"1914995470918889675","Mutu_Gizi_Signal","Matched Mutu_Gizi keyword"
"1974180372448698830","No_Signal","No keyword match"
"1968862932860592483","No_Signal","No keyword match"
"2019928264400318932","Mutu_Gizi_Signal","Matched Mutu_Gizi keyword"
"1925878559966454067","No_Signal","No keyword match"
"1919981788807758105","Mutu_Gizi_Signal","Matched Mutu_Gizi keyword"
"1862724078072950845","Mutu_Gizi_Signal","Matched Mutu_Gizi keyword"
"1926307697332199654","Mutu_Gizi_Signal","Matched Mutu_Gizi keyword"
"2014332913949737182","Overlap","Matched multiple: Mutu_Gizi, Tata_Kelola"
"1876486546226036875","Tata_Kelola_Signal","Matched Tata_Kelola keyword"
"2025762288016507017","Distribusi_Signal","Matched Distribusi keyword"
"1914276022876610955","Tata_Kelola_Signal","Matched Tata_Kelola keyword"
"2011033539845005711","Mutu_Gizi_Signal","Matched Mutu_Gizi keyword"
"1876179192460751282","Distribusi_Signal","Matched Distribusi keyword"
"1970873839812002178","Mutu_Gizi_Signal","Matched Mutu_Gizi keyword"
"1893919242669416868","Tata_Kelola_Signal","Matched Tata_Kelola keyword"
"2018231402463125789","Overlap","Matched multiple: Mutu_Gizi, Distribusi"
"1997278269251698994","No_Signal","No keyword match"
"1974190172498735569","Distribusi_Signal","Matched Distribusi keyword"
"1879741191895597498","Mutu_Gizi_Signal","Matched Mutu_Gizi keyword"
"1913023673050751027","No_Signal","No keyword match"
"1876541094990889072","Overlap","Matched multiple: Tata_Kelola, Distribusi"
"1960537771573174695","Overlap","Matched multiple: Mutu_Gizi, Tata_Kelola"
"2016048422659539159","Overlap","Matched multiple: Mutu_Gizi, Tata_Kelola"
"1991012621500535006","Distribusi_Signal","Matched Distribusi keyword"
"1900410683537424491","No_Signal","No keyword match"
"1893669159608672412","Mutu_Gizi_Signal","Matched Mutu_Gizi keyword"
"1924809860971167779","Distribusi_Signal","Matched Distribusi keyword"
"1805113731334263041","No_Signal","No keyword match"
"1876185076540854740","Distribusi_Signal","Matched Distribusi keyword"
"1914305244793913682","Overlap","Matched multiple: Mutu_Gizi, Tata_Kelola"
"1963119063665656069","No_Signal","No keyword match"
"1880117524043583942","No_Signal","No keyword match"
"1971159721039302770","Distribusi_Signal","Matched Distribusi keyword"
"2021921924071457230","Tata_Kelola_Signal","Matched Tata_Kelola keyword"
"2019452691743723557","Mutu_Gizi_Signal","Matched Mutu_Gizi keyword"
"1917860649759289438","Mutu_Gizi_Signal","Matched Mutu_Gizi keyword"
"1849076546797199763","Mutu_Gizi_Signal","Matched Mutu_Gizi keyword"
"1926420214851203183","Overlap","Matched multiple: Mutu_Gizi, Tata_Kelola"
"2014292307974262950","Tata_Kelola_Signal","Matched Tata_Kelola keyword"
"2024395241391083909","Mutu_Gizi_Signal","Matched Mutu_Gizi keyword"
"2008609566284804551","No_Signal","No keyword match"
"2023622196955095132","Tata_Kelola_Signal","Matched Tata_Kelola keyword"
"2021946679810044239","Overlap","Matched multiple: Mutu_Gizi, Tata_Kelola"
"2008812829470761041","Mutu_Gizi_Signal","Matched Mutu_Gizi keyword"
"1905586022790107413","No_Signal","No keyword match"
"1984152549596049432","Distribusi_Signal","Matched Distribusi keyword"
"1893331391213117535","Tata_Kelola_Signal","Matched Tata_Kelola keyword"
"1881979115219419594","No_Signal","No keyword match"
"1891063597821792408","No_Signal","No keyword match"
"1919899713643676024","Tata_Kelola_Signal","Matched Tata_Kelola keyword"
"2019624582110671252","Overlap","Matched multiple: Mutu_Gizi, Tata_Kelola"
"1920346131424219276","Tata_Kelola_Signal","Matched Tata_Kelola keyword"
"1880221536608817423","Tata_Kelola_Signal","Matched Tata_Kelola keyword"
"1889614776017236007","Distribusi_Signal","Matched Distribusi keyword"
"1964680296563175631","Overlap","Matched multiple: Mutu_Gizi, Tata_Kelola"
"1912680091899109521","Tata_Kelola_Signal","Matched Tata_Kelola keyword"
"1848802055370248568","Mutu_Gizi_Signal","Matched Mutu_Gizi keyword"
"1805398658193543255","Mutu_Gizi_Signal","Matched Mutu_Gizi keyword"
"1882388243972493800","Distribusi_Signal","Matched Distribusi keyword"
"1893953590441521437","Mutu_Gizi_Signal","Matched Mutu_Gizi keyword"
"1815658207689511194","Tata_Kelola_Signal","Matched Tata_Kelola keyword"
"1960463569134477342","Distribusi_Signal","Matched Distribusi keyword"
"1862712722829533455","Distribusi_Signal","Matched Distribusi keyword"
"1879554341893439872","Tata_Kelola_Signal","Matched Tata_Kelola keyword"
"1863543603689340945","Overlap","Matched multiple: Tata_Kelola, Distribusi"
"1967963670224543856","Tata_Kelola_Signal","Matched Tata_Kelola keyword"
"1818909957552824477","No_Signal","No keyword match"
"1879170336887087170","Mutu_Gizi_Signal","Matched Mutu_Gizi keyword"
"1798372562575253789","No_Signal","No keyword match"
"1891174397248991239","Overlap","Matched multiple: Mutu_Gizi, Tata_Kelola"
"1920126216386089072","No_Signal","No keyword match"
"2025802590022422896","Tata_Kelola_Signal","Matched Tata_Kelola keyword"
"2018257469685043259","Distribusi_Signal","Matched Distribusi keyword"
"1876396818764083242","Tata_Kelola_Signal","Matched Tata_Kelola keyword"
"1926565337031389359","No_Signal","No keyword match"
"2015816165256515721","No_Signal","No keyword match"
"2024621723954663462","Overlap","Matched multiple: Mutu_Gizi, Tata_Kelola"
"1820419949648818514","Distribusi_Signal","Matched Distribusi keyword"
"1813568093198905358","Tata_Kelola_Signal","Matched Tata_Kelola keyword"
"2014320528736289057","Distribusi_Signal","Matched Distribusi keyword"
"1919609514216530245","Overlap","Matched multiple: Mutu_Gizi, Tata_Kelola"
"1971446965918630344","Mutu_Gizi_Signal","Matched Mutu_Gizi keyword"
"1862136000354619713","Tata_Kelola_Signal","Matched Tata_Kelola keyword"
"1971298221944430979","Overlap","Matched multiple: Mutu_Gizi, Distribusi"
"1893628906143694849","Tata_Kelola_Signal","Matched Tata_Kelola keyword"
"1919699712514654418","Overlap","Matched multiple: Mutu_Gizi, Distribusi"
"2021975917971853474","Distribusi_Signal","Matched Distribusi keyword"
"2015800235248046468","No_Signal","No keyword match"
"2022562941900300379","Overlap","Matched multiple: Mutu_Gizi, Tata_Kelola"
"1891673032915103983","Distribusi_Signal","Matched Distribusi keyword"
"1820432971456974996","No_Signal","No keyword match"
"1983656418386616553","Distribusi_Signal","Matched Distribusi keyword"
"1849042675674325279","Distribusi_Signal","Matched Distribusi keyword"
"1903053283645968499","Mutu_Gizi_Signal","Matched Mutu_Gizi keyword"
"1849074042118303798","Distribusi_Signal","Matched Distribusi keyword"
"1882249612368757073","Overlap","Matched multiple: Tata_Kelola, Distribusi"
"1972975532792000748","Tata_Kelola_Signal","Matched Tata_Kelola keyword"
"2022143914237727159","Tata_Kelola_Signal","Matched Tata_Kelola keyword"
"1924387640486527081","Overlap","Matched multiple: Mutu_Gizi, Tata_Kelola"
"1971141376520998912","Overlap","Matched multiple: Tata_Kelola, Distribusi"
"1893675158939836735","No_Signal","No keyword match"
"1919521540212658679","No_Signal","No keyword match"
"1958468131577335952","Tata_Kelola_Signal","Matched Tata_Kelola keyword"
"1818950207398367389","Distribusi_Signal","Matched Distribusi keyword"
"2020720594019299800","Overlap","Matched multiple: Mutu_Gizi, Tata_Kelola"
"1880236674208444629","Mutu_Gizi_Signal","Matched Mutu_Gizi keyword"
"1915028266471297338","Overlap","Matched multiple: Mutu_Gizi, Tata_Kelola"
"1876143327776850262","Tata_Kelola_Signal","Matched Tata_Kelola keyword"
"1998582423928594649","Distribusi_Signal","Matched Distribusi keyword"
"1876176517212049530","No_Signal","No keyword match"
"1876305514478612797","Mutu_Gizi_Signal","Matched Mutu_Gizi keyword"
"1974463996280664557","No_Signal","No keyword match"
"1919561808450572362","Overlap","Matched multiple: Mutu_Gizi, Tata_Kelola"
"2015959504014475720","Distribusi_Signal","Matched Distribusi keyword"
"1915575913468879175","Overlap","Matched multiple: Mutu_Gizi, Tata_Kelola"
"1882781629627912586","Distribusi_Signal","Matched Distribusi keyword"
"2010997185811529964","Overlap","Matched multiple: Mutu_Gizi, Tata_Kelola"
"1919912687128969297","No_Signal","No keyword match"
"2011224074937385415","Distribusi_Signal","Matched Distribusi keyword"
"1967097422427156621","Distribusi_Signal","Matched Distribusi keyword"
"1920451934353567911","Mutu_Gizi_Signal","Matched Mutu_Gizi keyword"
"2018579895140651363","Overlap","Matched multiple: Mutu_Gizi, Tata_Kelola"
"1967554681389089066","Distribusi_Signal","Matched Distribusi keyword"
"2001192909182529933","Mutu_Gizi_Signal","Matched Mutu_Gizi keyword"
"1862246811135877538","Overlap","Matched multiple: Mutu_Gizi, Tata_Kelola"
"2021948033592963288","Mutu_Gizi_Signal","Matched Mutu_Gizi keyword"
"1919980364795412649","No_Signal","No keyword match"
"1919745553619157145","No_Signal","No keyword match"
"1798394028398092434","Tata_Kelola_Signal","Matched Tata_Kelola keyword"
"1917954005671751771","Tata_Kelola_Signal","Matched Tata_Kelola keyword"
"1972236588685173168","Overlap","Matched multiple: Mutu_Gizi, Tata_Kelola"
"1863547880675684407","Mutu_Gizi_Signal","Matched Mutu_Gizi keyword"
"1920097713011491287","Overlap","Matched multiple: Mutu_Gizi, Tata_Kelola"
"2014759278830354759","No_Signal","No keyword match"
"2008577069006155970","Mutu_Gizi_Signal","Matched Mutu_Gizi keyword"
"2019814902127554618","No_Signal","No keyword match"
"1915462527259205883","Overlap","Matched multiple: Mutu_Gizi, Tata_Kelola"
"2023022515967475899","No_Signal","No keyword match"
"1997515736978510302","Overlap","Matched multiple: Mutu_Gizi, Tata_Kelola"
"1882719981315784821","Mutu_Gizi_Signal","Matched Mutu_Gizi keyword"
"1990501955270291617","Overlap","Matched multiple: Mutu_Gizi, Tata_Kelola"
"1963809003097743833","Tata_Kelola_Signal","Matched Tata_Kelola keyword"
"1990625052946313300","Overlap","Matched multiple: Mutu_Gizi, Tata_Kelola"
"1971537525513900345","Distribusi_Signal","Matched Distribusi keyword"
"2022266542503936264","Distribusi_Signal","Matched Distribusi keyword"
"1919951079132868884","Overlap","Matched multiple: Mutu_Gizi, Tata_Kelola"
"1968898449652298029","Distribusi_Signal","Matched Distribusi keyword"
"1882350989208179093","Mutu_Gizi_Signal","Matched Mutu_Gizi keyword"
"1983936388354732334","Mutu_Gizi_Signal","Matched Mutu_Gizi keyword"
"1891375856984936908","Overlap","Matched multiple: Mutu_Gizi, Distribusi"
"1879837997920932129","Mutu_Gizi_Signal","Matched Mutu_Gizi keyword"
"1923067485634408756","Distribusi_Signal","Matched Distribusi keyword"
"1919741024643252246","Mutu_Gizi_Signal","Matched Mutu_Gizi keyword"
"1956186979307282650","No_Signal","No keyword match"
"1970820509102428579","Overlap","Matched multiple: Mutu_Gizi, Tata_Kelola"
"1967078339195392479","Overlap","Matched multiple: Mutu_Gizi, Tata_Kelola"
"1877355476616097987","Tata_Kelola_Signal","Matched Tata_Kelola keyword"
"1805236512147284342","Distribusi_Signal","Matched Distribusi keyword"
"2026735995253850442","Tata_Kelola_Signal","Matched Tata_Kelola keyword"
"1943649871036109220","No_Signal","No keyword match"
"1919255470079922646","Mutu_Gizi_Signal","Matched Mutu_Gizi keyword"
"2010778504884077001","Mutu_Gizi_Signal","Matched Mutu_Gizi keyword"
"1920349981883437128","Overlap","Matched multiple: Mutu_Gizi, Tata_Kelola"
"1880246398861603212","Mutu_Gizi_Signal","Matched Mutu_Gizi keyword"
"1912657011126509589","Tata_Kelola_Signal","Matched Tata_Kelola keyword"
"1913912480080036180","No_Signal","No keyword match"
"1880267602997715353","Overlap","Matched multiple: Mutu_Gizi, Tata_Kelola"
"1919833767151116510","Tata_Kelola_Signal","Matched Tata_Kelola keyword"
"1893395563149766657","Tata_Kelola_Signal","Matched Tata_Kelola keyword"
"2022271542248583462","Overlap","Matched multiple: Mutu_Gizi, Tata_Kelola"
"1876318328458981617","Tata_Kelola_Signal","Matched Tata_Kelola keyword"
"1862465942971875501","No_Signal","No keyword match"
"1862760412456104010","No_Signal","No keyword match"
"1891124233125732372","Distribusi_Signal","Matched Distribusi keyword"
"2021882189802303853","Tata_Kelola_Signal","Matched Tata_Kelola keyword"
"2023699948697776427","Overlap","Matched multiple: Mutu_Gizi, Tata_Kelola"
"2014761366029271361","Tata_Kelola_Signal","Matched Tata_Kelola keyword"
"1889604501939564967","No_Signal","No keyword match"
"2022254932515246393","No_Signal","No keyword match"
"1876173443756118048","Mutu_Gizi_Signal","Matched Mutu_Gizi keyword"
"2019893754665267262","Distribusi_Signal","Matched Distribusi keyword"
"1990941854666535239","Tata_Kelola_Signal","Matched Tata_Kelola keyword"
"1914523759261945974","No_Signal","No keyword match"
"2014581981968007420","No_Signal","No keyword match"
"2009226149067632722","Distribusi_Signal","Matched Distribusi keyword"
"1984256718046671331","Mutu_Gizi_Signal","Matched Mutu_Gizi keyword"
"1920490225156891081","No_Signal","No keyword match"
"1891383709548343384","No_Signal","No keyword match"
"1919909636762960106","Tata_Kelola_Signal","Matched Tata_Kelola keyword"
"1914529985370656963","Overlap","Matched multiple: Mutu_Gizi, Tata_Kelola"
"2011141062514090351","Tata_Kelola_Signal","Matched Tata_Kelola keyword"
"1945316656601030826","Overlap","Matched multiple: Mutu_Gizi, Tata_Kelola"
"1971572015279812899","Tata_Kelola_Signal","Matched Tata_Kelola keyword"
"2018293850830475447","Distribusi_Signal","Matched Distribusi keyword"
"1972131160483606583","Distribusi_Signal","Matched Distribusi keyword"
"1919447379918635425","Tata_Kelola_Signal","Matched Tata_Kelola keyword"
"1798190716709212616","No_Signal","No keyword match"
"1890045405179924935","Mutu_Gizi_Signal","Matched Mutu_Gizi keyword"
"1876506918115750360","No_Signal","No keyword match"
"2013838920673353785","Tata_Kelola_Signal","Matched Tata_Kelola keyword"
"1913023355172913372","No_Signal","No keyword match"
"1879875161270439995","Overlap","Matched multiple: Mutu_Gizi, Tata_Kelola"
"1971716042608333088","Overlap","Matched multiple: Mutu_Gizi, Tata_Kelola"
"1889591236916351003","Overlap","Matched multiple: Mutu_Gizi, Tata_Kelola"
"1876542242929950769","Distribusi_Signal","Matched Distribusi keyword"
"1843600442510717405","Tata_Kelola_Signal","Matched Tata_Kelola keyword"
"1891429092152541595","Distribusi_Signal","Matched Distribusi keyword"
"2019636482336780469","Tata_Kelola_Signal","Matched Tata_Kelola keyword"
"1879897993710862433","Tata_Kelola_Signal","Matched Tata_Kelola keyword"
"2023656331895615518","Mutu_Gizi_Signal","Matched Mutu_Gizi keyword"
"1924678778258915516","Distribusi_Signal","Matched Distribusi keyword"
"1945395596279570638","Distribusi_Signal","Matched Distribusi keyword"
"1833695239040872483","Distribusi_Signal","Matched Distribusi keyword"
"1923089211512508727","No_Signal","No keyword match"
"1891384377105412340","No_Signal","No keyword match"
"1963802528556122272","Mutu_Gizi_Signal","Matched Mutu_Gizi keyword"
"1912369412717543871","Distribusi_Signal","Matched Distribusi keyword"
"2022378928607047871","Overlap","Matched multiple: Mutu_Gizi, Tata_Kelola"
"2025723030039842844","Mutu_Gizi_Signal","Matched Mutu_Gizi keyword"
"2023654782972649490","Tata_Kelola_Signal","Matched Tata_Kelola keyword"
"1893969469749563522","Distribusi_Signal","Matched Distribusi keyword"
"1876146440168460637","No_Signal","No keyword match"
"1879913279851794628","Overlap","Matched multiple: Mutu_Gizi, Tata_Kelola"
"1915036795609469011","Overlap","Matched multiple: Mutu_Gizi, Tata_Kelola"
"2024364701539590250","Distribusi_Signal","Matched Distribusi keyword"
"1903272624266035531","Distribusi_Signal","Matched Distribusi keyword"
"2010891270898795002","Tata_Kelola_Signal","Matched Tata_Kelola keyword"
"1880518411689869442","Tata_Kelola_Signal","Matched Tata_Kelola keyword"
"1863706766451806559","Distribusi_Signal","Matched Distribusi keyword"
"1798166996150018461","Tata_Kelola_Signal","Matched Tata_Kelola keyword"
"1972357353250120095","Distribusi_Signal","Matched Distribusi keyword"
"2023265780130046125","Mutu_Gizi_Signal","Matched Mutu_Gizi keyword"
"1912351105398300713","No_Signal","No keyword match"
"1919987504192565569","Mutu_Gizi_Signal","Matched Mutu_Gizi keyword"
"1922507012748800337","Tata_Kelola_Signal","Matched Tata_Kelola keyword"
"1983874753061646365","Distribusi_Signal","Matched Distribusi keyword"
"1924621164472889543","No_Signal","No keyword match"
"1923125910305202347","Distribusi_Signal","Matched Distribusi keyword"
"1815743436966007193","Mutu_Gizi_Signal","Matched Mutu_Gizi keyword"
"2026626937318486409","Distribusi_Signal","Matched Distribusi keyword"
"2015784303981187307","Distribusi_Signal","Matched Distribusi keyword"
"1915579457487987063","Tata_Kelola_Signal","Matched Tata_Kelola keyword"
"2015960831079677972","Overlap","Matched multiple: Mutu_Gizi, Tata_Kelola"
"1920693108586447026","Distribusi_Signal","Matched Distribusi keyword"
"2015950609372127569","Tata_Kelola_Signal","Matched Tata_Kelola keyword"
"1967231670429667755","No_Signal","No keyword match"
"1879696875445793272","No_Signal","No keyword match"
"2016105422311325878","Tata_Kelola_Signal","Matched Tata_Kelola keyword"
"2021927629419655665","Mutu_Gizi_Signal","Matched Mutu_Gizi keyword"
"1968617636100550786","No_Signal","No keyword match"
"1920318691327291848","Distribusi_Signal","Matched Distribusi keyword"
"1971795877842088003","Mutu_Gizi_Signal","Matched Mutu_Gizi keyword"
"1923011192517243074","Overlap","Matched multiple: Mutu_Gizi, Distribusi"
"1893509450461589997","Overlap","Matched multiple: Mutu_Gizi, Tata_Kelola"
"1972402535135842397","Mutu_Gizi_Signal","Matched Mutu_Gizi keyword"
"1990351192174870822","Mutu_Gizi_Signal","Matched Mutu_Gizi keyword"
"1967279806976024843","No_Signal","No keyword match"
"1891370099866533918","Mutu_Gizi_Signal","Matched Mutu_Gizi keyword"
"2024368434956636357","Distribusi_Signal","Matched Distribusi keyword"
"1962856374255428090","Mutu_Gizi_Signal","Matched Mutu_Gizi keyword"
"1855943366640386442","Tata_Kelola_Signal","Matched Tata_Kelola keyword"
"1920673849621819726","Tata_Kelola_Signal","Matched Tata_Kelola keyword"
"2015625373120336173","Mutu_Gizi_Signal","Matched Mutu_Gizi keyword"
"1971518651972108591","Distribusi_Signal","Matched Distribusi keyword"
"2026997158663377371","Distribusi_Signal","Matched Distribusi keyword"
"1943682223217037795","Overlap","Matched multiple: Mutu_Gizi, Tata_Kelola"
"1968618971206402431","Overlap","Matched multiple: Mutu_Gizi, Tata_Kelola"
"1974420350881693800","Tata_Kelola_Signal","Matched Tata_Kelola keyword"
"1971753839545237620","No_Signal","No keyword match"
"1876558688787558724","Overlap","Matched multiple: Mutu_Gizi, Tata_Kelola, Distribusi"
"1975025585173979462","Overlap","Matched multiple: Mutu_Gizi, Tata_Kelola"
"1805159596895723820","Tata_Kelola_Signal","Matched Tata_Kelola keyword"
"1879825905914433613","No_Signal","No keyword match"
"1867808732794827262","Mutu_Gizi_Signal","Matched Mutu_Gizi keyword"
"2011578355930579073","Distribusi_Signal","Matched Distribusi keyword"
"2018750994512065006","No_Signal","No keyword match"
